Time,Crosshead separation,Load,Extensometer elongation
(sec),(mm),(kN),(%)
0,-0.00004,0.26954,-0.06349
0.1,0.00136,0.27102,-0.06347
0.2,0.00328,0.27345,-0.06345
0.3,0.00592,0.28039,-0.06342
0.4,0.00936,0.30209,-0.06336
0.5,0.01404,0.37821,-0.06301
0.6,0.02004,0.47899,-0.06257
0.684,0.026,0.58147,-0.06208
0.762,0.0322,0.68219,-0.06163
0.836,0.03876,0.78437,-0.0612
0.912,0.04628,0.88486,-0.06072
0.98,0.05372,0.98784,-0.06036
1.042,0.061,1.08906,-0.05986
1.1,0.06824,1.19048,-0.05947
1.154,0.07536,1.29291,-0.05911
1.206,0.08252,1.39614,-0.05869
1.256,0.08972,1.4976,-0.05823
1.304,0.09688,1.6005,-0.05781
1.35,0.10396,1.70074,-0.05742
1.394,0.111,1.80242,-0.05696
1.436,0.11792,1.90293,-0.05655
1.478,0.12496,2.00601,-0.05612
1.518,0.13184,2.10705,-0.05571
1.558,0.13884,2.20964,-0.05529
1.6,0.1464,2.31301,-0.05487
1.646,0.15484,2.41441,-0.05448
1.7,0.16508,2.51518,-0.05404
1.754,0.17564,2.61799,-0.05367
1.804,0.18576,2.72213,-0.05322
1.852,0.19572,2.82453,-0.05281
1.898,0.20548,2.92717,-0.0524
1.942,0.21504,3.0306,-0.05199
1.984,0.22428,3.13488,-0.0516
2.024,0.23324,3.23601,-0.05116
2.064,0.24236,3.33978,-0.05076
2.102,0.25116,3.44403,-0.05033
2.138,0.25968,3.54556,-0.04994
2.174,0.26824,3.64922,-0.04951
2.208,0.27644,3.7498,-0.0491
2.242,0.28472,3.85198,-0.04867
2.276,0.29316,3.9555,-0.04825
2.308,0.30116,4.05634,-0.04786
2.34,0.30928,4.15918,-0.04747
2.372,0.31752,4.26307,-0.04702
2.402,0.32532,4.36326,-0.04662
2.432,0.33316,4.46446,-0.04619
2.462,0.34104,4.56716,-0.04578
2.492,0.34904,4.67214,-0.04535
2.522,0.35708,4.77746,-0.04491
2.55,0.36464,4.87771,-0.04452
2.578,0.37232,4.98085,-0.0441
2.606,0.38004,5.08444,-0.04365
2.634,0.38784,5.18941,-0.04319
2.662,0.39564,5.29559,-0.04278
2.69,0.40348,5.40223,-0.04237
2.716,0.41068,5.50302,-0.04195
2.742,0.41796,5.60396,-0.04154
2.768,0.42524,5.70462,-0.04115
2.794,0.4326,5.80871,-0.04072
2.82,0.44,5.91372,-0.04032
2.846,0.44748,6.01986,-0.03989
2.87,0.45444,6.11998,-0.03952
2.896,0.46196,6.22759,-0.0391
2.922,0.46956,6.33595,-0.03866
2.946,0.4766,6.43659,-0.03829
2.97,0.48364,6.53729,-0.03789
2.994,0.49076,6.64091,-0.03748
3.018,0.49788,6.74628,-0.03706
3.042,0.50504,6.84969,-0.0366
3.066,0.51224,6.95413,-0.03614
3.09,0.51948,7.0592,-0.03573
3.114,0.52672,7.16488,-0.03527
3.138,0.53396,7.27105,-0.03487
3.162,0.54124,7.37833,-0.03445
3.186,0.54852,7.48551,-0.03402
3.21,0.55584,7.59245,-0.03358
3.234,0.56316,7.69896,-0.03315
3.258,0.57056,7.80722,-0.03274
3.282,0.578,7.91541,-0.03234
3.304,0.5848,8.01648,-0.03194
3.326,0.59164,8.11688,-0.03151
3.35,0.59912,8.22464,-0.03107
3.374,0.6066,8.3323,-0.03064
3.398,0.61412,8.44011,-0.03027
3.422,0.62168,8.54881,-0.02984
3.444,0.62864,8.64932,-0.02944
3.468,0.63624,8.75758,-0.02902
3.492,0.64384,8.86567,-0.02858
3.516,0.65156,8.97354,-0.02814
3.538,0.6586,9.07367,-0.02775
3.56,0.66568,9.17562,-0.02734
3.582,0.67276,9.2784,-0.02692
3.604,0.67992,9.38207,-0.02652
3.626,0.68708,9.48625,-0.02611
3.648,0.6942,9.59026,-0.02567
3.67,0.7014,9.69389,-0.02525
3.692,0.70864,9.79836,-0.02481
3.714,0.71584,9.90291,-0.0244
3.736,0.72304,10.00766,-0.02398
3.758,0.73024,10.1114,-0.02355
3.78,0.73748,10.21477,-0.02316
3.802,0.74476,10.31803,-0.02274
3.824,0.75204,10.42009,-0.02232
3.846,0.75936,10.52405,-0.02193
3.868,0.76672,10.6277,-0.02149
3.89,0.77404,10.73007,-0.02106
3.912,0.78144,10.83115,-0.02068
3.934,0.78884,10.93136,-0.02033
3.958,0.79696,11.03924,-0.01992
3.982,0.80504,11.14624,-0.01948
4.006,0.81316,11.25372,-0.01904
4.03,0.82136,11.36167,-0.01868
4.054,0.82956,11.46723,-0.01826
4.078,0.8378,11.57129,-0.01783
4.102,0.84608,11.67803,-0.01742
4.126,0.85436,11.78634,-0.01698
4.15,0.86264,11.89441,-0.01653
4.172,0.87028,11.99463,-0.01615
4.194,0.87792,12.09587,-0.01578
4.216,0.8856,12.19896,-0.01537
4.238,0.89332,12.30304,-0.01494
4.26,0.90104,12.41013,-0.01453
4.282,0.90876,12.51882,-0.01409
4.304,0.91648,12.62791,-0.01361
4.326,0.9242,12.73685,-0.01319
4.348,0.93196,12.84635,-0.01275
4.368,0.939,12.94707,-0.01234
4.388,0.94608,13.04933,-0.01196
4.408,0.95312,13.15225,-0.01155
4.428,0.9602,13.25528,-0.01115
4.448,0.96732,13.35692,-0.01075
4.468,0.97444,13.45937,-0.01032
4.488,0.98156,13.56335,-0.00992
4.508,0.98872,13.66878,-0.00953
4.528,0.99584,13.77431,-0.00911
4.548,1.003,13.87896,-0.00869
4.568,1.01016,13.98294,-0.00829
4.588,1.01736,14.08841,-0.00788
4.608,1.02456,14.19414,-0.00748
4.628,1.03176,14.30102,-0.00709
4.648,1.039,14.40801,-0.00669
4.668,1.0462,14.51585,-0.00626
4.688,1.0534,14.62322,-0.00583
4.708,1.06064,14.72993,-0.00542
4.728,1.06788,14.83696,-0.005
4.748,1.07512,14.94453,-0.0046
4.768,1.08236,15.05348,-0.00417
4.788,1.0896,15.16334,-0.00371
4.808,1.09688,15.27192,-0.00328
4.828,1.1042,15.38082,-0.00287
4.848,1.11148,15.49086,-0.00245
4.868,1.1188,15.59993,-0.00198
4.886,1.12536,15.70005,-0.00162
4.906,1.13268,15.81046,-0.00121
4.926,1.14,15.92069,-0.00076
4.946,1.14736,16.03102,-0.00033
4.966,1.15472,16.14104,0.0001
4.986,1.16208,16.25055,0.0005
5.004,1.16868,16.35119,0.00091
5.022,1.17532,16.45193,0.00132
5.04,1.18192,16.55427,0.00173
5.058,1.18852,16.65556,0.00211
5.076,1.19512,16.75609,0.00253
5.094,1.20172,16.85657,0.00293
5.112,1.20836,16.95793,0.0033
5.13,1.21496,17.06029,0.0037
5.148,1.22156,17.16292,0.00413
5.166,1.2282,17.26552,0.00451
5.184,1.23484,17.36841,0.00489
5.202,1.24144,17.47115,0.00533
5.22,1.24808,17.57364,0.00578
5.238,1.25472,17.67541,0.00618
5.256,1.26132,17.77895,0.00659
5.274,1.26796,17.88314,0.00699
5.292,1.2746,17.98852,0.00739
5.31,1.28124,18.09162,0.0078
5.328,1.28792,18.19485,0.00821
5.346,1.2946,18.29786,0.00863
5.364,1.30124,18.40084,0.00903
5.382,1.30796,18.50516,0.00942
5.4,1.3146,18.61029,0.00981
5.418,1.32124,18.71374,0.01022
5.436,1.32788,18.81705,0.01062
5.454,1.33456,18.91997,0.01099
5.472,1.3412,19.0244,0.0114
5.49,1.34788,19.12897,0.01181
5.508,1.35456,19.23525,0.01218
5.526,1.36124,19.34243,0.01256
5.544,1.36792,19.4493,0.01297
5.562,1.3746,19.55497,0.0134
5.58,1.38132,19.66143,0.01383
5.598,1.388,19.76684,0.01425
5.616,1.39468,19.87363,0.01468
5.634,1.4014,19.98182,0.01509
5.652,1.40808,20.09005,0.01552
5.67,1.41476,20.19815,0.01599
5.688,1.42148,20.30461,0.01644
5.706,1.4282,20.41064,0.01686
5.724,1.43492,20.51777,0.01731
5.742,1.44164,20.6261,0.01779
5.76,1.44832,20.73499,0.01818
5.778,1.45504,20.8435,0.01861
5.796,1.46168,20.95046,0.01904
5.814,1.4684,21.05599,0.01946
5.832,1.47508,21.16083,0.01987
5.85,1.48172,21.26649,0.02027
5.868,1.48844,21.37317,0.0207
5.886,1.49512,21.48077,0.02113
5.904,1.5018,21.58903,0.02155
5.922,1.50852,21.69743,0.02195
5.94,1.5152,21.80545,0.02235
5.958,1.52188,21.91403,0.02276
5.976,1.5286,22.02211,0.02316
5.994,1.53532,22.13199,0.02359
6.012,1.542,22.24304,0.02403
6.03,1.54872,22.35328,0.02442
6.048,1.55544,22.46249,0.0248
6.066,1.56216,22.57258,0.02521
6.084,1.56888,22.68356,0.02564
6.102,1.5756,22.79431,0.0261
6.12,1.58228,22.9057,0.02654
6.138,1.58896,23.01711,0.02701
6.156,1.59568,23.12833,0.02744
6.174,1.60236,23.23816,0.02786
6.192,1.60904,23.34821,0.02829
6.21,1.61572,23.45745,0.02873
6.228,1.62244,23.56783,0.02919
6.246,1.62916,23.67905,0.02964
6.264,1.63584,23.7908,0.03008
6.282,1.64256,23.90213,0.03051
6.3,1.64924,24.01124,0.03093
6.318,1.65592,24.1203,0.03136
6.336,1.6626,24.2297,0.03179
6.354,1.66932,24.34101,0.03222
6.37,1.67528,24.44143,0.03265
6.386,1.68124,24.54174,0.03306
6.402,1.68724,24.64214,0.03348
6.418,1.6932,24.74223,0.03386
6.436,1.69996,24.85416,0.0343
6.452,1.70592,24.95495,0.0347
6.468,1.71188,25.05673,0.03507
6.484,1.7178,25.15744,0.03544
6.502,1.7244,25.26895,0.03591
6.52,1.73104,25.37975,0.03638
6.538,1.73768,25.48965,0.03682
6.556,1.74428,25.60055,0.03727
6.574,1.75092,25.71114,0.0377
6.592,1.75756,25.82275,0.03812
6.608,1.76344,25.92369,0.03852
6.624,1.7694,26.02445,0.03889
6.64,1.77528,26.12492,0.03932
6.658,1.78188,26.23639,0.03979
6.676,1.78852,26.34685,0.04024
6.694,1.7952,26.4568,0.04068
6.712,1.80184,26.56741,0.04108
6.73,1.80848,26.67913,0.04151
6.746,1.81436,26.77961,0.0419
6.762,1.82032,26.88014,0.04232
6.78,1.82696,26.99233,0.04279
6.798,1.83364,27.10434,0.04324
6.814,1.83956,27.20451,0.04364
6.83,1.84544,27.30508,0.04404
6.846,1.85132,27.40633,0.04444
6.862,1.85724,27.50837,0.04487
6.878,1.86308,27.6098,0.0453
6.894,1.869,27.71074,0.04568
6.91,1.87484,27.8119,0.04607
6.926,1.88072,27.91278,0.04648
6.942,1.8866,28.01382,0.04691
6.958,1.89248,28.11553,0.04728
6.974,1.89836,28.21718,0.0477
6.99,1.9042,28.31921,0.04816
7.006,1.91004,28.42066,0.04861
7.022,1.91588,28.5208,0.04899
7.04,1.92244,28.6331,0.04945
7.058,1.929,28.74428,0.04994
7.076,1.93556,28.85617,0.05039
7.092,1.94136,28.95718,0.05082
7.108,1.9472,29.05756,0.05119
7.126,1.95372,29.16991,0.05162
7.142,1.95956,29.26999,0.05201
7.16,1.96616,29.38163,0.05246
7.178,1.97268,29.49348,0.05297
7.196,1.97924,29.60594,0.05341
7.214,1.9858,29.71775,0.05383
7.23,1.9916,29.81822,0.05426
7.246,1.99744,29.91826,0.05468
7.262,2.00324,30.01879,0.05508
7.278,2.00908,30.11961,0.05547
7.294,2.01488,30.22082,0.05585
7.31,2.02068,30.32121,0.05628
7.326,2.02648,30.42249,0.05672
7.342,2.03228,30.52378,0.05716
7.358,2.038,30.62457,0.05761
7.374,2.04376,30.72508,0.05802
7.392,2.05024,30.83719,0.05849
7.41,2.05668,30.94941,0.05898
7.428,2.06316,31.06175,0.05947
7.446,2.0696,31.17376,0.05998
7.462,2.07536,31.27418,0.06041
7.478,2.08108,31.37501,0.06084
7.494,2.08684,31.47603,0.06123
7.51,2.09256,31.57631,0.06161
7.528,2.09904,31.68868,0.06208
7.544,2.10476,31.78915,0.0625
7.562,2.1112,31.90086,0.06297
7.58,2.11764,32.01169,0.06342
7.598,2.12404,32.12292,0.06392
7.616,2.13044,32.23438,0.06438
7.634,2.13684,32.34599,0.06486
7.652,2.14324,32.45611,0.06534
7.67,2.14964,32.56684,0.06579
7.688,2.15604,32.67748,0.06628
7.706,2.1624,32.78876,0.06677
7.724,2.1688,32.90113,0.06726
7.742,2.17516,33.0135,0.06772
7.76,2.18152,33.1254,0.06821
7.778,2.18788,33.23679,0.0687
7.796,2.1942,33.34895,0.0692
7.814,2.20056,33.46122,0.06968
7.832,2.20688,33.57248,0.07018
7.85,2.2132,33.68397,0.07067
7.866,2.21884,33.7842,0.07112
7.884,2.22516,33.89578,0.07162
7.902,2.23148,34.00657,0.07211
7.92,2.23776,34.11745,0.07259
7.938,2.24404,34.22772,0.07309
7.956,2.25032,34.33734,0.07356
7.974,2.25664,34.44801,0.07403
7.992,2.26292,34.55966,0.07453
8.01,2.26916,34.67102,0.07503
8.028,2.27544,34.78055,0.07553
8.046,2.28168,34.88898,0.07602
8.064,2.28792,34.99736,0.07651
8.082,2.2942,35.1058,0.077
8.1,2.3004,35.21479,0.07748
8.118,2.3066,35.32305,0.078
8.136,2.3128,35.43209,0.07852
8.154,2.319,35.54097,0.07902
8.172,2.32516,35.6489,0.07953
8.19,2.33136,35.75633,0.08004
8.208,2.33752,35.86391,0.08053
8.226,2.34372,35.97235,0.08101
8.244,2.34988,36.08228,0.08151
8.262,2.35608,36.19314,0.08205
8.28,2.36224,36.30224,0.08255
8.298,2.36836,36.4109,0.08307
8.316,2.37452,36.51841,0.08359
8.334,2.38064,36.6256,0.08409
8.352,2.38672,36.73387,0.0846
8.37,2.39284,36.84187,0.08513
8.388,2.39888,36.94988,0.08565
8.406,2.40496,37.05787,0.08615
8.424,2.41104,37.16483,0.08666
8.442,2.41712,37.27019,0.08715
8.46,2.42316,37.3758,0.08762
8.478,2.42924,37.48157,0.0881
8.496,2.43524,37.58764,0.08864
8.514,2.44124,37.69295,0.0892
8.532,2.44724,37.79732,0.08974
8.55,2.45324,37.90256,0.09026
8.568,2.45924,38.00735,0.09078
8.586,2.4652,38.11088,0.09126
8.604,2.47116,38.21384,0.09177
8.622,2.47712,38.31699,0.09227
8.64,2.48308,38.42182,0.09276
8.658,2.48904,38.52679,0.09328
8.676,2.49496,38.63181,0.09379
8.694,2.50084,38.73578,0.09432
8.712,2.50676,38.83844,0.09483
8.73,2.5126,38.94046,0.09535
8.748,2.51848,39.04283,0.09586
8.766,2.52436,39.14697,0.09639
8.784,2.5302,39.2518,0.09691
8.802,2.536,39.35539,0.09746
8.82,2.54184,39.45935,0.09802
8.838,2.54764,39.56177,0.09859
8.856,2.5534,39.66263,0.09917
8.874,2.55916,39.76279,0.09973
8.892,2.56492,39.86315,0.10027
8.912,2.57128,39.97402,0.10081
8.93,2.577,40.07434,0.10133
8.948,2.58272,40.17503,0.10184
8.968,2.58908,40.28575,0.10239
8.988,2.5954,40.39585,0.103
9.008,2.60172,40.50433,0.10361
9.028,2.60804,40.61114,0.10418
9.048,2.61436,40.71954,0.10471
9.068,2.62068,40.82969,0.10527
9.088,2.62696,40.9381,0.10584
9.108,2.6332,41.04517,0.10643
9.128,2.63944,41.15084,0.107
9.148,2.64564,41.25611,0.1076
9.168,2.6518,41.35976,0.10819
9.188,2.658,41.46413,0.10878
9.208,2.66412,41.56883,0.10934
9.228,2.67028,41.67451,0.10995
9.248,2.67644,41.77997,0.11056
9.268,2.68256,41.88452,0.11117
9.288,2.68868,41.98859,0.11181
9.308,2.69476,42.09139,0.11238
9.328,2.70084,42.19335,0.11297
9.348,2.70692,42.29511,0.11359
9.368,2.71296,42.3964,0.11424
9.388,2.719,42.49699,0.11487
9.41,2.72556,42.6059,0.11563
9.432,2.73212,42.71262,0.11638
9.454,2.73872,42.81937,0.11708
9.476,2.74528,42.9264,0.11777
9.498,2.7518,43.0315,0.11848
9.52,2.75828,43.13663,0.11918
9.542,2.76468,43.24063,0.11992
9.564,2.77108,43.34249,0.12065
9.588,2.778,43.45073,0.12142
9.612,2.78492,43.55842,0.12216
9.636,2.79176,43.66454,0.12287
9.66,2.7986,43.77147,0.1236
9.684,2.80544,43.87731,0.12437
9.708,2.81224,43.9832,0.12514
9.732,2.81904,44.08802,0.12586
9.756,2.82576,44.18991,0.12659
9.78,2.83248,44.28997,0.12734
9.806,2.83972,44.39725,0.12813
9.832,2.84696,44.50373,0.12894
9.858,2.85412,44.6093,0.12974
9.884,2.86128,44.71298,0.13054
9.91,2.86844,44.81501,0.13137
9.938,2.87612,44.92196,0.13223
9.966,2.88376,45.02818,0.13303
9.994,2.89136,45.13021,0.13386
10.024,2.89948,45.23557,0.1347
10.054,2.90756,45.33658,0.13556
10.086,2.9162,45.44158,0.13642
10.118,2.92476,45.54316,0.13731
10.152,2.93384,45.64809,0.13841
10.186,2.94288,45.75253,0.13954
10.222,2.95232,45.85595,0.14077
10.262,2.96268,45.96042,0.14214
10.304,2.97348,46.06427,0.14366
10.348,2.98468,46.16518,0.1453
10.396,2.99676,46.26624,0.14713
10.456,3.01156,46.36895,0.14945
10.524,3.0284,46.47086,0.14919
10.576,3.0416,46.57175,0.15036
10.668,3.06392,46.67234,0.15498
10.768,3.08672,46.73594,0.16004
10.868,3.10768,46.73958,0.16523
10.968,3.12696,46.73031,0.17025
11.068,3.14464,46.70859,0.17521
11.168,3.16072,46.69319,0.17993
11.268,3.17536,46.69252,0.18448
11.368,3.18876,46.69914,0.18866
11.468,3.20128,46.71885,0.19274
11.568,3.21272,46.74105,0.19665
11.668,3.22344,46.75986,0.19988
11.768,3.23388,46.7947,0.20282
11.868,3.24368,46.82862,0.20632
11.968,3.2528,46.85431,0.20977
12.068,3.2614,46.88208,0.21315
12.168,3.26944,46.90531,0.21637
12.268,3.27712,46.93024,0.21938
12.368,3.28444,46.95543,0.22251
12.468,3.29136,46.97565,0.22558
12.568,3.29796,46.99421,0.22848
12.668,3.30432,47.01637,0.23129
12.768,3.31044,47.03798,0.23418
12.868,3.31636,47.05993,0.23692
12.968,3.32216,47.08283,0.23963
13.068,3.32784,47.10694,0.2423
13.168,3.3334,47.12976,0.24497
13.268,3.3388,47.15622,0.24757
13.368,3.34416,47.1814,0.24996
13.468,3.35008,47.2204,0.25084
13.568,3.35628,47.28289,0.25368
13.668,3.3622,47.3236,0.25667
13.768,3.3678,47.34764,0.25969
13.868,3.37304,47.36423,0.26263
13.968,3.378,47.37449,0.26552
14.068,3.3828,47.3861,0.26825
14.168,3.38748,47.40077,0.27092
14.268,3.39204,47.41492,0.27358
14.368,3.39648,47.43128,0.27629
14.468,3.40084,47.44682,0.27872
14.568,3.4052,47.46299,0.28125
14.668,3.40952,47.48328,0.28374
14.768,3.4138,47.50389,0.28636
14.868,3.418,47.52109,0.28896
14.968,3.42212,47.5364,0.29151
15.068,3.42624,47.55401,0.29398
15.168,3.43028,47.57422,0.29661
15.268,3.43432,47.59278,0.29904
15.368,3.43824,47.60798,0.30162
15.468,3.44208,47.62347,0.30413
15.568,3.44596,47.63873,0.30666
15.668,3.44988,47.65789,0.30909
15.768,3.45408,47.68218,0.31096
15.868,3.45912,47.73985,0.31262
15.968,3.46388,47.78278,0.31561
16.068,3.46824,47.80496,0.31876
16.168,3.47224,47.80985,0.32165
16.268,3.47596,47.81115,0.32446
16.368,3.4794,47.80726,0.32733
16.468,3.48268,47.80361,0.33002
16.568,3.48592,47.803,0.33253
16.668,3.4892,47.80844,0.33503
16.768,3.49244,47.81445,0.33762
16.868,3.49568,47.82345,0.34003
16.968,3.49896,47.8361,0.34245
17.068,3.50228,47.85242,0.34481
17.168,3.50556,47.86999,0.34733
17.268,3.50888,47.887,0.34982
17.368,3.51224,47.90705,0.35223
17.468,3.51568,47.9266,0.35471
17.568,3.51904,47.94661,0.35738
17.668,3.52232,47.96015,0.35991
17.768,3.52556,47.973,0.36241
17.868,3.5288,47.98584,0.36494
17.968,3.53192,47.99488,0.36758
18.068,3.53496,48.0007,0.37014
18.168,3.53804,48.00888,0.37258
18.268,3.54116,48.02087,0.37499
18.368,3.54432,48.03361,0.37748
18.468,3.54748,48.04562,0.38
18.568,3.551,48.0641,0.38125
18.668,3.55508,48.11417,0.38361
18.768,3.55892,48.14593,0.38661
18.868,3.56236,48.16011,0.38964
18.968,3.56548,48.15927,0.39257
19.068,3.56836,48.15119,0.39541
19.168,3.571,48.13738,0.39819
19.268,3.57352,48.12166,0.40084
19.368,3.57604,48.11022,0.40337
19.468,3.57864,48.10708,0.40575
19.568,3.58128,48.10917,0.40826
19.668,3.58396,48.11453,0.4108
19.768,3.5866,48.11822,0.41331
19.868,3.58932,48.12379,0.41576
19.968,3.592,48.13036,0.41827
20.068,3.59468,48.1365,0.42083
20.168,3.59728,48.13852,0.42335
20.268,3.59984,48.13797,0.4259
20.368,3.60228,48.13594,0.42844
20.468,3.60472,48.13336,0.43099
20.568,3.60716,48.13263,0.43337
20.668,3.6096,48.13269,0.43578
20.768,3.61208,48.13737,0.43822
20.868,3.61456,48.13858,0.44075
20.968,3.61704,48.14102,0.44321
21.068,3.6196,48.1464,0.44569
21.168,3.62216,48.15112,0.44814
21.268,3.62464,48.15503,0.45076
21.368,3.62708,48.15212,0.45327
21.468,3.62992,48.15564,0.45439
21.568,3.63332,48.19445,0.45674
21.668,3.63644,48.21545,0.45976
21.768,3.6392,48.21789,0.46283
21.868,3.64168,48.20455,0.46586
21.968,3.64392,48.18583,0.46863
22.068,3.64604,48.16636,0.47143
22.168,3.64812,48.14928,0.47403
22.268,3.65012,48.13471,0.47657
22.368,3.65212,48.12251,0.47904
22.468,3.6542,48.11722,0.48146
22.568,3.65632,48.11571,0.48383
22.668,3.65848,48.11496,0.4862
22.768,3.66072,48.12035,0.48857
22.868,3.66292,48.12336,0.49116
22.968,3.66512,48.12518,0.49367
23.068,3.66732,48.12584,0.49614
23.168,3.66952,48.12737,0.49859
23.268,3.67172,48.12929,0.50113
23.368,3.67388,48.12705,0.50375
23.468,3.67596,48.12387,0.5063
23.568,3.67804,48.12106,0.5088
23.668,3.68016,48.11965,0.51132
23.768,3.68224,48.11783,0.51376
23.868,3.68428,48.11555,0.51628
23.968,3.6864,48.1163,0.51871
24.068,3.68852,48.11827,0.5212
24.168,3.6906,48.11765,0.52378
24.268,3.69268,48.11849,0.52625
24.368,3.69476,48.11896,0.52869
24.468,3.69684,48.12089,0.53122
24.568,3.69884,48.11869,0.53374
24.668,3.701,48.11917,0.53569
24.768,3.704,48.15113,0.5371
24.868,3.70684,48.18122,0.54012
24.968,3.7094,48.19362,0.54315
25.068,3.71156,48.18749,0.54629
25.168,3.71348,48.17056,0.5492
25.268,3.7152,48.14794,0.55198
25.368,3.71676,48.12333,0.55474
25.468,3.71832,48.09952,0.55728
25.568,3.71984,48.07904,0.55977
25.668,3.7214,48.06311,0.56217
25.768,3.72304,48.05358,0.56451
25.868,3.72476,48.04881,0.56695
25.968,3.72656,48.05024,0.56925
26.068,3.72848,48.05548,0.57166
26.168,3.7304,48.06248,0.57412
26.268,3.73224,48.06556,0.57665
26.368,3.73416,48.0671,0.57909
26.468,3.73604,48.07024,0.58158
26.568,3.73796,48.07282,0.58414
26.668,3.73972,48.06938,0.58679
26.768,3.74148,48.06456,0.58933
26.868,3.7432,48.0567,0.59187
26.968,3.74496,48.05601,0.59431
27.068,3.74672,48.0541,0.59686
27.168,3.74844,48.05138,0.5994
27.268,3.75016,48.04999,0.60189
27.368,3.75188,48.04834,0.60446
27.468,3.75352,48.04543,0.60696
27.568,3.75516,48.04103,0.60947
27.668,3.75684,48.0365,0.6119
27.768,3.75852,48.03384,0.61436
27.868,3.76016,48.03074,0.61693
27.968,3.76176,48.02942,0.6194
28.068,3.7634,48.02609,0.62183
28.168,3.76508,48.02583,0.62423
28.268,3.76676,48.02604,0.62671
28.368,3.76844,48.02402,0.62919
28.468,3.77016,48.02793,0.63159
28.568,3.77188,48.03159,0.63415
28.668,3.7736,48.03279,0.63669
28.768,3.77532,48.03202,0.63927
28.868,3.777,48.02833,0.6418
28.968,3.77872,48.03047,0.64429
29.068,3.78036,48.02929,0.64692
29.168,3.78192,48.02408,0.64951
29.268,3.78352,48.0197,0.65197
29.368,3.78512,48.01701,0.65445
29.468,3.78668,48.01586,0.65694
29.568,3.78828,48.01211,0.65941
29.668,3.78988,48.01097,0.66181
29.768,3.79148,48.01284,0.66431
29.868,3.793,48.01034,0.66683
29.968,3.79456,48.00674,0.66927
30.068,3.79608,48.00432,0.67172
30.168,3.79772,48.00591,0.67415
30.268,3.79932,48.00673,0.67662
30.368,3.80088,48.00727,0.67925
30.468,3.80244,48.0082,0.68175
30.568,3.804,48.0052,0.68422
30.668,3.8056,48.00601,0.68666
30.768,3.80716,48.00749,0.68916
30.868,3.8088,48.00873,0.69162
30.968,3.81044,48.01332,0.69406
31.068,3.81204,48.01719,0.69662
31.168,3.81364,48.01815,0.69914
31.268,3.81524,48.01958,0.70166
31.368,3.8168,48.01888,0.70417
31.468,3.8184,48.02132,0.70665
31.568,3.81996,48.02092,0.70917
31.668,3.82152,48.02131,0.71168
31.768,3.82308,48.02326,0.71416
31.868,3.82464,48.02291,0.71667
31.968,3.8262,48.02374,0.71913
32.068,3.82772,48.02438,0.72168
32.168,3.82928,48.02477,0.72417
32.268,3.8308,48.02378,0.72666
32.368,3.83232,48.02295,0.72924
32.468,3.83384,48.0235,0.73173
32.568,3.83536,48.02335,0.7342
32.668,3.83688,48.02423,0.73668
32.768,3.83844,48.02576,0.73922
32.868,3.83996,48.0267,0.74178
32.968,3.84152,48.02831,0.74426
33.068,3.84312,48.03114,0.74678
33.168,3.84468,48.0331,0.74938
33.268,3.8462,48.03393,0.75194
33.368,3.84768,48.03245,0.75454
33.468,3.84916,48.02872,0.75701
33.568,3.8506,48.02575,0.75963
33.668,3.852,48.02057,0.76223
33.768,3.85336,48.01422,0.76473
33.868,3.85472,48.0071,0.76726
33.968,3.85608,48.00394,0.76966
34.068,3.85752,48.00223,0.77212
34.168,3.85888,47.99901,0.77459
34.268,3.86028,47.99818,0.77709
34.368,3.86172,47.99682,0.77952
34.468,3.86316,47.99865,0.78197
34.568,3.86464,47.99989,0.78434
34.668,3.86612,48.00296,0.78679
34.768,3.86764,48.0069,0.78923
34.868,3.86912,48.00974,0.79176
34.968,3.8706,48.01214,0.79421
35.068,3.87212,48.01601,0.79664
35.168,3.87364,48.01936,0.79916
35.268,3.87516,48.02197,0.80164
35.368,3.87668,48.02431,0.80415
35.468,3.8782,48.02756,0.80665
35.568,3.87972,48.03132,0.80916
35.668,3.88124,48.03531,0.81168
35.768,3.88276,48.03811,0.8142
35.868,3.88424,48.03956,0.81673
35.968,3.88572,48.04054,0.81922
36.068,3.88716,48.04062,0.82176
36.168,3.88852,48.03736,0.82429
36.268,3.88992,48.03469,0.82674
36.368,3.89132,48.03322,0.82923
36.468,3.89272,48.03135,0.83169
36.568,3.89412,48.02908,0.83427
36.668,3.89544,48.02336,0.83678
36.768,3.89676,48.01715,0.8393
36.868,3.89808,48.01111,0.8418
36.968,3.8994,48.00705,0.84432
37.068,3.90076,48.00534,0.84672
37.168,3.90216,48.00488,0.84921
37.268,3.90364,48.00737,0.85167
37.368,3.90508,48.0095,0.85419
37.468,3.9066,48.01356,0.85667
37.568,3.90812,48.01717,0.85913
37.668,3.90964,48.02296,0.86171
37.768,3.91112,48.02193,0.86426
37.868,3.9126,48.02312,0.8668
37.968,3.91404,48.02343,0.86935
38.068,3.91544,48.0215,0.87194
38.168,3.91676,48.0168,0.87455
38.268,3.91804,48.0096,0.87711
38.368,3.91932,48.00106,0.8796
38.468,3.9206,47.99553,0.88208
38.568,3.92184,47.98846,0.88451
38.668,3.92312,47.98431,0.88702
38.768,3.9244,47.97727,0.88948
38.868,3.92572,47.97174,0.89185
38.968,3.92708,47.97122,0.89425
39.068,3.92848,47.97556,0.89669
39.168,3.92988,47.9783,0.89918
39.268,3.93132,47.98078,0.90168
39.368,3.93268,47.98099,0.90425
39.468,3.93412,47.97914,0.90663
39.568,3.93548,47.97931,0.90915
39.668,3.93688,47.9802,0.91166
39.768,3.93828,47.97936,0.91411
39.868,3.93964,47.9786,0.9167
39.968,3.94096,47.97443,0.91925
40.068,3.94232,47.97104,0.92171
40.168,3.94364,47.96854,0.92427
40.268,3.94496,47.96604,0.92672
40.368,3.94632,47.96445,0.92924
40.468,3.94764,47.96061,0.93175
40.568,3.94896,47.95671,0.9343
40.668,3.95024,47.95371,0.93677
40.768,3.9516,47.95095,0.93923
40.868,3.95292,47.95014,0.94175
40.968,3.95428,47.94797,0.94419
41.068,3.95568,47.94966,0.94663
41.168,3.957,47.95074,0.94916
41.268,3.95836,47.94782,0.95164
41.368,3.95972,47.9457,0.95412
41.468,3.96108,47.94687,0.95656
41.568,3.96244,47.94784,0.95909
41.668,3.96384,47.94675,0.96155
41.768,3.9652,47.94751,0.96413
41.868,3.96652,47.94442,0.96664
41.968,3.96788,47.94318,0.96913
42.068,3.96928,47.94374,0.97161
42.168,3.97072,47.94635,0.97412
42.268,3.97216,47.94918,0.97663
42.368,3.97356,47.9504,0.97926
42.468,3.975,47.9528,0.98179
42.568,3.9764,47.95385,0.98434
42.668,3.9778,47.95306,0.98688
42.768,3.97912,47.95091,0.98946
42.868,3.98044,47.94724,0.992
42.968,3.98176,47.94447,0.9945
43.068,3.98308,47.93997,0.99702
43.168,3.98436,47.93669,0.99954
43.268,3.98564,47.93293,1.00206
43.368,3.98692,47.92851,1.00459
43.468,3.98824,47.92589,1.00701
43.568,3.98952,47.92261,1.00946
43.668,3.99084,47.92041,1.01204
43.768,3.99216,47.91714,1.01449
43.868,3.99344,47.91337,1.01703
43.968,3.99476,47.91117,1.01942
44.068,3.99608,47.91171,1.02183
44.168,3.99744,47.91421,1.02436
44.268,3.99884,47.91563,1.02684
44.368,4.00024,47.91703,1.02931
44.468,4.00164,47.91999,1.03184
44.568,4.00304,47.92191,1.03428
44.668,4.00448,47.92515,1.03683
44.768,4.00592,47.92763,1.03934
44.868,4.00732,47.92854,1.04196
44.968,4.00872,47.93174,1.04443
45.068,4.01012,47.93237,1.04693
45.168,4.01192,47.93447,1.04778
45.268,4.0156,48.0208,1.04867
45.368,4.01856,48.08509,1.0524
45.468,4.02068,48.10272,1.05619
45.568,4.02196,48.07923,1.05991
45.668,4.02268,48.03329,1.06319
45.768,4.02308,47.97943,1.06621
45.868,4.0234,47.92396,1.06882
45.968,4.02376,47.87249,1.07108
46.068,4.02428,47.83298,1.07321
46.168,4.02508,47.81072,1.07515
46.268,4.0262,47.80509,1.07713
46.368,4.02756,47.81504,1.07921
46.468,4.02916,47.83866,1.0813
46.568,4.03104,47.86985,1.08359
46.668,4.03292,47.90028,1.08606
46.768,4.0348,47.92928,1.08862
46.868,4.0366,47.94891,1.09135
46.968,4.03828,47.96157,1.09415
47.068,4.0398,47.96548,1.09693
47.168,4.04116,47.96006,1.09969
47.268,4.0424,47.95092,1.10239
47.368,4.04352,47.9368,1.10503
47.468,4.04464,47.92413,1.10759
47.568,4.04576,47.91063,1.1101
47.668,4.04688,47.89948,1.1125
47.768,4.04804,47.891,1.11492
47.868,4.0492,47.88444,1.11728
47.968,4.05052,47.88462,1.11961
48.068,4.05188,47.88901,1.122
48.168,4.05328,47.89454,1.12442
48.268,4.05464,47.89969,1.12688
48.368,4.05604,47.90184,1.12938
48.468,4.05748,47.90647,1.13178
48.568,4.05892,47.91261,1.1343
48.668,4.06032,47.9151,1.13685
48.768,4.06168,47.91699,1.1394
48.868,4.06296,47.91355,1.14197
48.968,4.06424,47.91121,1.14445
49.068,4.06552,47.90716,1.14693
49.168,4.0668,47.90377,1.14945
49.268,4.06804,47.90168,1.15192
49.368,4.06932,47.89922,1.15438
49.468,4.0706,47.89757,1.15683
49.568,4.07196,47.89884,1.15924
49.668,4.07328,47.90148,1.16169
49.768,4.07468,47.90451,1.16407
49.868,4.07604,47.90876,1.16666
49.968,4.07744,47.91199,1.16908
50.068,4.0788,47.91454,1.1716
50.168,4.08016,47.91621,1.17414
50.268,4.08152,47.91548,1.17665
50.368,4.08284,47.91272,1.17924
50.468,4.08408,47.90917,1.18172
50.568,4.08536,47.90623,1.18416
50.668,4.08664,47.90498,1.18659
50.768,4.08796,47.90404,1.18906
50.868,4.08928,47.9034,1.19149
50.968,4.09064,47.90278,1.19392
51.068,4.092,47.90733,1.19635
51.168,4.09344,47.91379,1.19878
51.268,4.09488,47.92045,1.20131
51.368,4.09632,47.92555,1.20385
51.468,4.09776,47.93001,1.20638
51.568,4.09916,47.92885,1.2089
51.668,4.1006,47.93191,1.21155
51.768,4.10196,47.93127,1.21405
51.868,4.10332,47.93132,1.21662
51.968,4.10468,47.93124,1.21925
52.068,4.10596,47.92925,1.22184
52.168,4.10728,47.92458,1.22431
52.268,4.1086,47.92143,1.22675
52.368,4.10992,47.92186,1.22935
52.468,4.1112,47.91936,1.23191
52.568,4.11248,47.9178,1.23437
52.668,4.11376,47.9163,1.23683
52.768,4.11508,47.91365,1.23931
52.868,4.11648,47.91572,1.24177
52.968,4.11784,47.9202,1.24424
53.068,4.1192,47.92443,1.24672
53.168,4.12056,47.92608,1.24929
53.268,4.12192,47.92446,1.25175
53.368,4.12328,47.92524,1.25428
53.468,4.1246,47.92688,1.25669
53.568,4.12592,47.92847,1.25927
53.668,4.12724,47.92471,1.26176
53.768,4.12856,47.9236,1.26423
53.868,4.12988,47.92301,1.26667
53.968,4.13124,47.92584,1.26917
54.068,4.13256,47.92604,1.27166
54.168,4.13392,47.92804,1.27418
54.268,4.13528,47.92954,1.27666
54.368,4.13668,47.92917,1.27914
54.468,4.13808,47.93405,1.28163
54.568,4.13948,47.93661,1.2842
54.668,4.14088,47.93762,1.2867
54.768,4.14228,47.94047,1.28919
54.868,4.14368,47.94183,1.29185
54.968,4.14504,47.94084,1.29437
55.068,4.14636,47.94101,1.29687
55.168,4.14764,47.93828,1.2994
55.268,4.14892,47.93541,1.30192
55.368,4.1502,47.93203,1.30443
55.468,4.15148,47.92887,1.30684
55.568,4.1528,47.92788,1.30925
55.668,4.15412,47.93011,1.31177
55.768,4.15544,47.92859,1.31431
55.868,4.15668,47.92608,1.31675
55.968,4.15804,47.92738,1.3191
56.068,4.15944,47.93077,1.32158
56.168,4.16084,47.93489,1.3241
56.268,4.1622,47.93732,1.32656
56.368,4.16356,47.93839,1.32911
56.468,4.16496,47.9423,1.33163
56.568,4.1664,47.94544,1.33415
56.668,4.1678,47.94729,1.33665
56.768,4.1692,47.95029,1.3392
56.868,4.1706,47.95243,1.34183
56.968,4.17196,47.95401,1.34433
57.068,4.17328,47.95268,1.34687
57.168,4.17464,47.95221,1.34932
57.268,4.176,47.95331,1.35187
57.368,4.17732,47.95206,1.35444
57.468,4.1786,47.94992,1.35691
57.568,4.17992,47.9481,1.35936
57.668,4.18128,47.95011,1.36177
57.768,4.18264,47.95201,1.36424
57.868,4.18396,47.95261,1.36683
57.968,4.18532,47.95287,1.36917
58.068,4.18668,47.95447,1.37168
58.168,4.18804,47.95572,1.37417
58.268,4.1894,47.95822,1.37672
58.368,4.1908,47.95799,1.37918
58.468,4.19216,47.96062,1.38172
58.568,4.19352,47.96008,1.38422
58.668,4.1948,47.96008,1.38678
58.768,4.19608,47.95822,1.3892
58.868,4.19748,47.95786,1.39165
58.968,4.1988,47.96088,1.39421
59.068,4.20008,47.96009,1.3967
59.168,4.20144,47.95943,1.39912
59.268,4.2028,47.96178,1.40159
59.368,4.20412,47.96188,1.40415
59.468,4.20544,47.96104,1.4067
59.568,4.20672,47.95727,1.40924
59.668,4.20804,47.95464,1.41173
59.768,4.20932,47.95289,1.41421
59.868,4.2106,47.95167,1.41676
59.968,4.21188,47.94833,1.41926
60.068,4.2132,47.94688,1.42174
60.168,4.21444,47.94456,1.42426
60.268,4.21572,47.94189,1.42677
60.368,4.21696,47.93672,1.42926
60.468,4.21824,47.93276,1.43174
60.568,4.21944,47.92774,1.43436
60.668,4.22064,47.91977,1.4369
60.768,4.2218,47.91126,1.43943
60.868,4.22296,47.90184,1.44191
60.968,4.22412,47.89257,1.44436
61.068,4.22528,47.88553,1.44696
61.168,4.2264,47.87529,1.44957
61.268,4.22752,47.86335,1.45203
61.368,4.22868,47.8523,1.45448
61.468,4.2298,47.84304,1.45708
61.568,4.23088,47.83027,1.45969
61.668,4.23192,47.81645,1.46224
61.768,4.23296,47.8008,1.46476
61.868,4.234,47.78767,1.46737
61.968,4.23508,47.77278,1.46986
62.068,4.23616,47.7608,1.47238
62.168,4.2372,47.74712,1.47498
62.268,4.2382,47.72976,1.4776
62.368,4.23908,47.71034,1.48022
62.468,4.24008,47.69353,1.4826
62.568,4.24108,47.6789,1.48508
62.668,4.24208,47.66425,1.48758
62.768,4.24304,47.64871,1.49017
62.868,4.244,47.63236,1.49263
62.968,4.24504,47.61807,1.49506
63.068,4.24608,47.60697,1.49755
63.168,4.24704,47.59431,1.50009
63.268,4.24808,47.5801,1.50247
63.368,4.24912,47.56958,1.50496
63.468,4.2502,47.56084,1.50735
63.568,4.25132,47.55167,1.50979
63.668,4.25248,47.54758,1.51222
63.768,4.25368,47.54508,1.51467
63.868,4.25484,47.54061,1.51719
63.968,4.25596,47.53366,1.51971
64.068,4.25708,47.52846,1.52217
64.168,4.25824,47.52254,1.52458
64.268,4.25948,47.51925,1.52704
64.368,4.26064,47.51386,1.52961
64.468,4.26184,47.51244,1.53205
64.568,4.26312,47.51401,1.53439
64.668,4.26448,47.51905,1.53686
64.768,4.26584,47.52404,1.53935
64.868,4.2672,47.52894,1.54186
64.968,4.2686,47.5359,1.54431
65.068,4.27004,47.54072,1.54674
65.16801,4.27152,47.55118,1.54928
65.268,4.273,47.5634,1.55178
65.368,4.27452,47.57377,1.55432
65.468,4.276,47.58593,1.55683
65.568,4.27748,47.59276,1.5594
65.66801,4.27888,47.60109,1.56189
65.76801,4.28036,47.61064,1.56432
65.868,4.28192,47.62294,1.56676
65.968,4.28348,47.63714,1.56923
66.068,4.28504,47.65406,1.5718
66.16801,4.2866,47.66869,1.57427
66.26801,4.2882,47.68517,1.57673
66.368,4.28984,47.69923,1.57919
66.468,4.29144,47.71796,1.58175
66.568,4.29304,47.73493,1.58423
66.66801,4.29468,47.75062,1.58675
66.76801,4.29632,47.76621,1.58924
66.868,4.29792,47.78143,1.59182
66.968,4.2996,47.79851,1.59423
67.068,4.30128,47.81885,1.59671
67.16801,4.303,47.83987,1.59925
67.26801,4.30468,47.85817,1.60185
67.368,4.30636,47.87465,1.60434
67.468,4.30804,47.8939,1.60677
67.568,4.30972,47.91181,1.60925
67.66801,4.3114,47.93018,1.6119
67.76801,4.31304,47.9443,1.61433
67.868,4.31468,47.95842,1.61679
67.968,4.31636,47.97627,1.61918
68.068,4.31804,47.99353,1.62163
68.16801,4.31976,48.01141,1.62409
68.26801,4.3214,48.02829,1.62658
68.368,4.32312,48.04402,1.62894
68.468,4.32476,48.06019,1.63138
68.568,4.3264,48.07551,1.63382
68.66801,4.32804,48.09063,1.63622
68.76801,4.32976,48.10765,1.63858
68.868,4.33148,48.12578,1.641
68.968,4.33324,48.14541,1.64346
69.068,4.335,48.16463,1.64584
69.16801,4.3368,48.18524,1.64829
69.26801,4.3386,48.20499,1.65077
69.368,4.34036,48.22291,1.65341
69.468,4.34212,48.23755,1.65587
69.568,4.34388,48.25344,1.65828
69.66801,4.34564,48.2708,1.66072
69.76801,4.34744,48.28759,1.66324
69.868,4.34916,48.30137,1.66578
69.968,4.35088,48.3146,1.66822
70.068,4.35264,48.32986,1.67065
70.16801,4.35448,48.34706,1.67316
70.26801,4.35628,48.36281,1.6756
70.368,4.35816,48.37984,1.67807
70.468,4.36004,48.39752,1.68061
70.568,4.36196,48.41541,1.68318
70.66801,4.36388,48.43234,1.68574
70.76801,4.36584,48.45061,1.68824
70.868,4.3678,48.47034,1.69081
70.968,4.36968,48.48513,1.69352
71.068,4.37152,48.49725,1.69612
71.16801,4.37336,48.50773,1.69862
71.26801,4.3752,48.52029,1.70112
71.368,4.37704,48.53216,1.70364
71.468,4.37884,48.54162,1.70619
71.568,4.38056,48.55131,1.70868
71.66801,4.38236,48.56099,1.71112
71.76801,4.38416,48.57334,1.71353
71.868,4.38596,48.58469,1.71607
71.968,4.38776,48.59377,1.71843
72.068,4.38956,48.60592,1.72093
72.16801,4.39144,48.61825,1.72331
72.26801,4.39332,48.63254,1.72582
72.368,4.39524,48.64777,1.72826
72.468,4.3972,48.66155,1.7307
72.568,4.39916,48.67705,1.73326
72.66801,4.40112,48.69053,1.73583
72.76801,4.40308,48.70402,1.73833
72.868,4.40508,48.71782,1.74079
72.968,4.40704,48.73067,1.74338
73.068,4.40892,48.74063,1.74591
73.16801,4.41076,48.74806,1.74847
73.26801,4.4126,48.75462,1.75094
73.368,4.41448,48.7636,1.75329
73.468,4.4164,48.77474,1.75574
73.568,4.41828,48.78448,1.75826
73.66801,4.42024,48.79554,1.7607
73.76801,4.4222,48.80839,1.76312
73.868,4.42416,48.82136,1.76567
73.968,4.4262,48.83352,1.76815
74.068,4.4282,48.84667,1.77059
74.16801,4.43032,48.86089,1.77309
74.26801,4.43232,48.8732,1.7757
74.368,4.43432,48.88521,1.77828
74.468,4.43632,48.89035,1.7808
74.568,4.43832,48.90016,1.78321
74.66801,4.44024,48.91028,1.78576
74.76801,4.4422,48.91802,1.78829
74.868,4.44408,48.9221,1.79077
74.968,4.44596,48.92808,1.79318
75.068,4.44792,48.93813,1.79558
75.16801,4.44996,48.94651,1.79806
75.26801,4.452,48.95926,1.80051
75.368,4.454,48.97152,1.80292
75.468,4.45608,48.98117,1.80541
75.568,4.45812,48.99223,1.80794
75.66801,4.46016,49.00228,1.81042
75.76801,4.46224,49.01093,1.81285
75.868,4.46428,49.02354,1.81535
75.968,4.46636,49.03264,1.81789
76.068,4.46844,49.04242,1.82037
76.16801,4.47052,49.0525,1.82287
76.26801,4.47256,49.06217,1.82532
76.368,4.47464,49.07125,1.82787
76.468,4.4766,49.07722,1.83041
76.568,4.47864,49.08338,1.8328
76.66801,4.48068,49.09195,1.83519
76.76801,4.48272,49.10288,1.83769
76.868,4.4848,49.10937,1.84016
76.968,4.48688,49.11874,1.84263
77.068,4.489,49.1284,1.84509
77.16801,4.49116,49.14019,1.84759
77.26801,4.4934,49.15307,1.85002
77.368,4.49568,49.16758,1.85257
77.468,4.498,49.18166,1.85512
77.568,4.50024,49.19245,1.85775
77.66801,4.50244,49.20133,1.86037
77.76801,4.5046,49.2077,1.86289
77.868,4.5068,49.21509,1.86534
77.968,4.50896,49.22142,1.86788
78.068,4.51108,49.22818,1.87045
78.16801,4.51324,49.23396,1.87281
78.26801,4.516,49.2456,1.87316
78.368,4.51968,49.31759,1.87552
78.468,4.52284,49.35713,1.87879
78.568,4.52552,49.36742,1.8821
78.66801,4.5278,49.35965,1.88516
78.76801,4.52976,49.34458,1.888
78.868,4.53164,49.32668,1.89077
78.968,4.53344,49.31254,1.89325
79.068,4.53536,49.30518,1.89566
79.16801,4.53732,49.30326,1.898
79.26801,4.53932,49.30634,1.90037
79.368,4.5414,49.31171,1.90274
79.468,4.54356,49.32203,1.90503
79.568,4.54584,49.33567,1.90737
79.66801,4.54808,49.34959,1.90987
79.76801,4.55036,49.36182,1.91231
79.868,4.55268,49.37404,1.91481
79.968,4.555,49.38586,1.91726
80.068,4.55736,49.39825,1.91979
80.16801,4.55972,49.41063,1.92236
80.26801,4.56204,49.42053,1.92492
80.368,4.56444,49.43098,1.9274
80.468,4.5668,49.44026,1.93
80.568,4.56908,49.44787,1.93255
80.66801,4.57132,49.45267,1.9351
80.76801,4.57352,49.45643,1.93757
80.868,4.57576,49.46213,1.94009
80.968,4.578,49.4677,1.94257
81.068,4.58024,49.47321,1.94496
81.16801,4.5826,49.48235,1.94739
81.26801,4.58496,49.49325,1.94984
81.368,4.58732,49.5016,1.95237
81.468,4.58968,49.5112,1.95484
81.568,4.59208,49.52236,1.95731
81.66801,4.59452,49.53137,1.95978
81.76801,4.59696,49.54419,1.96236
81.868,4.59936,49.55358,1.96491
81.968,4.60172,49.56009,1.96742
82.068,4.60408,49.56498,1.96989
82.16801,4.60644,49.57453,1.97241
82.26801,4.60876,49.58172,1.97488
82.368,4.61108,49.58504,1.97733
82.468,4.61348,49.5952,1.97978
82.568,4.61584,49.60357,1.9823
82.66801,4.61816,49.60921,1.98477
82.76801,4.62056,49.61855,1.98721
82.868,4.623,49.62891,1.98965
82.968,4.62552,49.6402,1.99216
83.068,4.628,49.65267,1.99472
83.16801,4.63044,49.65952,1.9972
83.26801,4.63288,49.66804,1.99972
83.368,4.63536,49.67657,2.00222
83.468,4.6378,49.6835,2.00477
83.568,4.64024,49.69014,2.00724
83.66801,4.64272,49.69945,2.00969
83.76801,4.6452,49.71053,2.01219
83.868,4.64772,49.71974,2.01479
83.968,4.65016,49.72607,2.0173
84.068,4.65256,49.7325,2.0198
84.16801,4.65504,49.74012,2.02224
84.26801,4.65748,49.7478,2.02477
84.368,4.65992,49.75609,2.0272
84.468,4.6624,49.76399,2.0297
84.568,4.66496,49.77368,2.03217
84.66801,4.66748,49.78452,2.03477
84.76801,4.66996,49.7925,2.03724
84.868,4.67248,49.8014,2.03967
84.968,4.67504,49.81003,2.0422
85.068,4.67752,49.81841,2.04475
85.16801,4.68004,49.82499,2.04726
85.26801,4.68256,49.83383,2.04978
85.368,4.68508,49.84224,2.05222
85.468,4.68764,49.85238,2.05469
85.568,4.6902,49.86072,2.05726
85.66801,4.6928,49.87139,2.05976
85.76801,4.6954,49.88101,2.06227
85.868,4.69792,49.8897,2.06481
85.968,4.70044,49.8953,2.06729
86.068,4.70296,49.90327,2.0697
86.16801,4.70552,49.91116,2.07212
86.26801,4.708,49.91819,2.07469
86.368,4.71052,49.92498,2.07711
86.468,4.71304,49.93196,2.07954
86.568,4.71568,49.94251,2.08176
86.66801,4.71924,49.97789,2.0826
86.76801,4.72276,50.02416,2.08567
86.868,4.72588,50.04298,2.08878
86.968,4.72868,50.04629,2.09174
87.068,4.73128,50.04178,2.09454
87.16801,4.73368,50.03287,2.09731
87.26801,4.736,50.02286,2.09988
87.368,4.73828,50.01509,2.10242
87.468,4.7406,50.01302,2.10476
87.568,4.74296,50.01479,2.10716
87.66801,4.74536,50.0196,2.10957
87.76801,4.74784,50.027,2.11196
87.868,4.7504,50.03664,2.11436
87.968,4.75304,50.05281,2.11682
88.068,4.75572,50.06675,2.11935
88.16801,4.75848,50.08245,2.12186
88.26801,4.7612,50.09605,2.12445
88.368,4.76388,50.10716,2.12705
88.468,4.76648,50.11154,2.12964
88.568,4.76908,50.11852,2.13215
88.66801,4.77168,50.12659,2.13466
88.76801,4.77424,50.13226,2.1372
88.868,4.77676,50.13805,2.13974
88.968,4.77924,50.14238,2.14221
89.068,4.7818,50.14646,2.14461
89.16801,4.78436,50.15597,2.14713
89.26801,4.787,50.16487,2.1496
89.368,4.78964,50.17584,2.15204
89.468,4.79232,50.18872,2.15457
89.568,4.795,50.19891,2.15718
89.66801,4.79764,50.2094,2.15973
89.76801,4.80024,50.21427,2.16223
89.868,4.8028,50.22178,2.16471
89.968,4.80536,50.22649,2.16722
90.068,4.80792,50.23319,2.16969
90.16801,4.8104,50.2378,2.17222
90.26801,4.813,50.24304,2.17464
90.368,4.8156,50.25385,2.17706
90.468,4.81828,50.2648,2.17958
90.568,4.82096,50.27485,2.18202
90.66801,4.82368,50.28809,2.18459
90.76801,4.82644,50.29985,2.18713
90.868,4.82912,50.30865,2.1897
90.968,4.83172,50.31595,2.19226
91.068,4.83432,50.32076,2.19475
91.16801,4.83692,50.3264,2.1972
91.26801,4.83944,50.33088,2.19973
91.368,4.842,50.33737,2.20219
91.468,4.84456,50.34291,2.20461
91.568,4.84712,50.34972,2.2071
91.66801,4.84972,50.35787,2.20958
91.76801,4.85236,50.36697,2.212
91.868,4.85504,50.37851,2.21445
91.968,4.85776,50.39099,2.21695
92.068,4.86044,50.40103,2.21952
92.16801,4.86308,50.41016,2.22208
92.26801,4.86572,50.41627,2.22455
92.368,4.86836,50.42434,2.22701
92.468,4.87096,50.43062,2.22953
92.568,4.8736,50.43753,2.23202
92.66801,4.8762,50.44329,2.23453
92.76801,4.8788,50.45007,2.23696
92.868,4.88148,50.46115,2.23945
92.968,4.8842,50.4709,2.24193
93.068,4.88696,50.48379,2.24445
93.16801,4.88976,50.49765,2.24696
93.26801,4.89252,50.50865,2.24956
93.368,4.89524,50.51759,2.25218
93.468,4.89792,50.52222,2.25466
93.568,4.90056,50.52811,2.2572
93.66801,4.90324,50.53524,2.25972
93.76801,4.90588,50.54168,2.26217
93.868,4.90848,50.54685,2.26467
93.968,4.91104,50.55134,2.26714
94.068,4.91364,50.55776,2.2696
94.16801,4.91636,50.56653,2.27194
94.26801,4.91976,50.59019,2.27271
94.368,4.92348,50.64096,2.27562
94.468,4.92692,50.66848,2.27868
94.568,4.92992,50.67487,2.28171
94.66801,4.93256,50.6677,2.28463
94.76801,4.935,50.65486,2.28739
94.868,4.93736,50.64277,2.28992
94.968,4.93968,50.6353,2.29232
95.068,4.94208,50.63147,2.29481
95.16801,4.94456,50.63543,2.29717
95.26801,4.94712,50.64064,2.29958
95.368,4.94972,50.65147,2.30204
95.468,4.95248,50.66584,2.30443
95.568,4.95528,50.67894,2.30692
95.66801,4.958,50.69202,2.3095
95.76801,4.96076,50.70146,2.31206
95.868,4.9634,50.7093,2.31464
95.968,4.966,50.71458,2.31713
96.068,4.9686,50.71783,2.31955
96.16801,4.9712,50.72409,2.32207
96.26801,4.97384,50.732,2.32451
96.368,4.97648,50.74167,2.32703
96.468,4.97912,50.74687,2.32946
96.568,4.98176,50.75603,2.33194
96.66801,4.98444,50.76521,2.33446
96.76801,4.98712,50.77401,2.33697
96.868,4.98984,50.78422,2.33944
96.968,4.99256,50.79271,2.34193
97.06801,4.99524,50.80039,2.34448
97.16801,4.99788,50.80727,2.34699
97.26801,5.00048,50.81323,2.3495
97.368,5.00312,50.81937,2.35191
97.468,5.00576,50.82739,2.3544
97.56801,5.00844,50.83538,2.35687
97.66801,5.01112,50.84312,2.35937
97.76801,5.01384,50.85362,2.36189
97.868,5.01656,50.86364,2.36441
97.968,5.01936,50.87528,2.36695
98.06801,5.02216,50.88596,2.36949
98.16801,5.02492,50.89611,2.37203
98.26801,5.02764,50.90392,2.37462
98.368,5.03032,50.91165,2.37724
98.468,5.03296,50.91475,2.37971
98.56801,5.0356,50.91923,2.38225
98.66801,5.0382,50.92351,2.38471
98.76801,5.0408,50.92968,2.38717
98.868,5.04344,50.9359,2.38966
98.968,5.04608,50.94327,2.39214
99.06801,5.04868,50.95114,2.39466
99.16801,5.05136,50.95953,2.39711
99.26801,5.05404,50.96746,2.39956
99.368,5.0568,50.98052,2.40205
99.468,5.05952,50.98989,2.40458
99.56801,5.0622,50.99651,2.40711
99.66801,5.06476,51.00098,2.40967
99.76801,5.06732,51.0049,2.4121
99.868,5.06988,51.00949,2.41454
99.968,5.07244,51.01393,2.41692
100.06801,5.075,51.02138,2.41936
100.16801,5.07764,51.02868,2.42179
100.26801,5.08028,51.03887,2.42428
100.368,5.083,51.04921,2.42669
100.468,5.08572,51.0604,2.42917
100.56801,5.08844,51.07034,2.4317
100.66801,5.0912,51.08107,2.43416
100.76801,5.09388,51.08846,2.43663
100.868,5.09656,51.09605,2.43916
100.968,5.09916,51.09925,2.44165
101.06801,5.1018,51.104,2.44405
101.16801,5.10448,51.1116,2.44647
101.26801,5.10712,51.12024,2.44898
101.368,5.1098,51.12638,2.45142
101.468,5.11252,51.13436,2.45384
101.56801,5.11524,51.1457,2.4564
101.66801,5.11796,51.15517,2.45886
101.76801,5.12076,51.16459,2.46126
101.868,5.12352,51.17638,2.46379
101.968,5.12628,51.18399,2.46627
102.06801,5.12912,51.19196,2.46859
102.16801,5.13272,51.22308,2.4695
102.26801,5.13632,51.26335,2.47259
102.368,5.13956,51.27944,2.47565
102.468,5.14256,51.28124,2.47851
102.56801,5.1454,51.28013,2.48134
102.66801,5.14812,51.27319,2.48411
102.76801,5.15072,51.26882,2.48682
102.868,5.15324,51.26242,2.48945
102.968,5.15576,51.25948,2.4919
103.06801,5.15832,51.26125,2.49431
103.16801,5.16088,51.26445,2.49683
103.26801,5.16348,51.26839,2.49922
103.368,5.16608,51.27559,2.5017
103.468,5.16868,51.28161,2.50413
103.56801,5.17128,51.28704,2.50658
103.66801,5.17396,51.29594,2.509
103.76801,5.17664,51.30572,2.51144
103.868,5.17936,51.3164,2.5139
103.968,5.18208,51.32617,2.51644
104.06801,5.1848,51.33494,2.51895
104.16801,5.18756,51.34491,2.52145
104.26801,5.19028,51.35223,2.5239
104.368,5.19296,51.3602,2.52647
104.468,5.1956,51.36444,2.52903
104.56801,5.1982,51.36992,2.53146
104.66801,5.2008,51.37466,2.53398
104.76801,5.2034,51.3804,2.53638
104.868,5.20604,51.38891,2.53888
104.968,5.20868,51.39543,2.54133
105.06801,5.2114,51.40528,2.54381
105.16801,5.2142,51.41634,2.54626
105.26801,5.21696,51.4274,2.54884
105.368,5.21968,51.43683,2.55137
105.468,5.2224,51.44361,2.55394
105.56801,5.22504,51.44935,2.55647
105.66801,5.22768,51.45385,2.55897
105.76801,5.23028,51.45887,2.56139
105.868,5.23292,51.46384,2.56389
105.968,5.23556,51.47045,2.56635
106.06801,5.23816,51.47704,2.56888
106.16801,5.24076,51.48291,2.57132
106.26801,5.24344,51.49159,2.57371
106.368,5.24612,51.50225,2.57621
106.468,5.24884,51.51218,2.57871
106.56801,5.25152,51.52087,2.58126
106.66801,5.2542,51.52828,2.58378
106.76801,5.2568,51.5334,2.5863
106.868,5.25944,51.53909,2.58878
106.968,5.26208,51.54536,2.59119
107.06801,5.26472,51.55109,2.59372
107.16801,5.26736,51.55985,2.59621
107.26801,5.27,51.56556,2.59872
107.368,5.27268,51.56992,2.60113
107.468,5.27548,51.58334,2.60356
107.56801,5.27832,51.59745,2.60615
107.66801,5.28116,51.61013,2.60874
107.76801,5.284,51.61657,2.61132
107.868,5.2868,51.6291,2.61393
107.968,5.28948,51.63463,2.61655
108.06801,5.2922,51.63794,2.61905
108.16801,5.29484,51.6432,2.62159
108.26801,5.29748,51.64664,2.62407
108.368,5.30008,51.64974,2.62659
108.468,5.30268,51.65415,2.62908
108.56801,5.30532,51.65846,2.6315
108.66801,5.30804,51.66739,2.63396
108.76801,5.31076,51.67651,2.63644
108.868,5.31356,51.6881,2.63892
108.968,5.3164,51.69928,2.64144
109.06801,5.31928,51.71096,2.64398
109.16801,5.32212,51.72108,2.64655
109.26801,5.32484,51.72738,2.64916
109.368,5.32752,51.73185,2.65173
109.468,5.3302,51.73549,2.65417
109.56801,5.33288,51.74093,2.65665
109.66801,5.3356,51.7477,2.65913
109.76801,5.33828,51.75408,2.66163
109.868,5.34132,51.76664,2.66323
109.968,5.34516,51.8136,2.66515
110.06801,5.34872,51.84616,2.66819
110.16801,5.35188,51.85773,2.67127
110.26801,5.35476,51.85503,2.67416
110.368,5.35736,51.84447,2.67702
110.468,5.3598,51.83049,2.6797
110.56801,5.36216,51.81813,2.68224
110.66801,5.36456,51.81173,2.68457
110.76801,5.36704,51.8107,2.68697
110.868,5.36956,51.81407,2.68941
110.968,5.37208,51.81834,2.69182
111.06801,5.37468,51.82684,2.69429
111.16801,5.37736,51.83731,2.69665
111.26801,5.38008,51.84879,2.69904
111.368,5.3828,51.86106,2.70159
111.468,5.38544,51.86884,2.7041
111.56801,5.38808,51.87465,2.7066
111.66801,5.39064,51.87986,2.70908
111.76801,5.3932,51.88393,2.71152
111.868,5.3958,51.8888,2.7139
111.968,5.3984,51.89514,2.71632
112.06801,5.40104,51.90377,2.71874
112.16801,5.40376,51.91382,2.72122
112.26801,5.40648,51.92436,2.72379
112.368,5.40928,51.93558,2.72624
112.468,5.41212,51.9477,2.72879
112.56801,5.41488,51.95904,2.73144
112.66801,5.41764,51.96665,2.73404
112.76801,5.4204,51.97326,2.73652
112.868,5.42308,51.97932,2.73909
112.968,5.42576,51.98447,2.74163
113.06801,5.42832,51.98697,2.74424
113.16801,5.43088,51.9892,2.74667
113.26801,5.43344,51.99299,2.7491
113.368,5.43604,51.99543,2.75159
113.468,5.43868,52.00241,2.75402
113.56801,5.44132,52.01169,2.75645
113.66801,5.444,52.0199,2.75899
113.76801,5.44672,52.02678,2.76147
113.868,5.44948,52.04006,2.764
113.968,5.4522,52.04867,2.76647
114.06801,5.45492,52.05518,2.76899
114.16801,5.45756,52.06139,2.77159
114.26801,5.46016,52.06581,2.77413
114.368,5.46276,52.06783,2.77658
114.468,5.4654,52.07421,2.77898
114.56801,5.46812,52.08273,2.78146
114.66801,5.4708,52.0933,2.784
114.76801,5.47352,52.10074,2.78656
114.868,5.47624,52.11041,2.78906
114.968,5.47896,52.118,2.79159
115.06801,5.48168,52.12635,2.79409
115.16801,5.48436,52.13308,2.7966
115.26801,5.48704,52.13742,2.79919
115.368,5.48968,52.14331,2.80167
115.468,5.49224,52.14584,2.80421
115.56801,5.49484,52.14978,2.80664
115.66801,5.49748,52.15498,2.80908
115.76801,5.50012,52.1629,2.81153
115.868,5.5028,52.17134,2.81401
115.968,5.50544,52.17684,2.81655
116.06801,5.50812,52.18462,2.81896
116.16801,5.51084,52.19434,2.82142
116.26801,5.51356,52.20447,2.82392
116.368,5.51624,52.21126,2.82651
116.468,5.51892,52.21846,2.829
116.56801,5.52156,52.22499,2.83147
116.66801,5.5242,52.23005,2.834
116.76801,5.52688,52.23625,2.83645
116.868,5.52956,52.24501,2.83897
116.968,5.53224,52.2523,2.8414
117.06801,5.53496,52.26054,2.844
117.16801,5.53776,52.26925,2.84648
117.26801,5.54056,52.27855,2.849
117.368,5.54336,52.28909,2.85156
117.468,5.5462,52.29849,2.85413
117.56801,5.54948,52.31485,2.85517
117.66801,5.55316,52.35844,2.85796
117.76801,5.55652,52.37958,2.86094
117.868,5.55952,52.38565,2.86394
117.968,5.56216,52.37709,2.8669
118.06801,5.56456,52.36176,2.86961
118.16801,5.56692,52.3491,2.87215
118.26801,5.56932,52.3421,2.87462
118.368,5.57172,52.33952,2.8771
118.468,5.5742,52.33999,2.87956
118.56801,5.57676,52.3457,2.88195
118.66801,5.57936,52.35378,2.88439
118.76801,5.582,52.36334,2.8869
118.868,5.58464,52.37209,2.8894
118.968,5.58732,52.38118,2.8918
119.06801,5.59,52.38945,2.89436
119.16801,5.59268,52.39809,2.89698
119.26801,5.59536,52.40519,2.89949
119.368,5.59808,52.41318,2.90195
119.468,5.6008,52.42397,2.90446
119.56801,5.60352,52.43405,2.90714
119.66801,5.60624,52.43786,2.9097
119.76801,5.60892,52.44583,2.91222
119.868,5.6116,52.45333,2.91474
119.968,5.6142,52.45772,2.91737
120.06801,5.6168,52.46002,2.91987
120.16801,5.61936,52.46384,2.92234
120.26801,5.62188,52.46503,2.9248
120.368,5.62444,52.4701,2.92726
120.468,5.62696,52.47537,2.92974
120.56801,5.62948,52.47911,2.93215
120.66801,5.63196,52.48209,2.93456
120.76801,5.63444,52.48378,2.93695
120.868,5.63688,52.48868,2.9394
120.968,5.6394,52.49221,2.94171
121.06801,5.642,52.50341,2.94411
121.16801,5.64464,52.51424,2.9465
121.26801,5.64728,52.52471,2.94909
121.368,5.64988,52.53243,2.95147
121.468,5.65248,52.54015,2.95396
121.56801,5.65516,52.54818,2.95634
121.66801,5.6578,52.55709,2.95894
121.76801,5.6604,52.56343,2.96148
121.868,5.66304,52.57142,2.96394
121.968,5.66572,52.57954,2.96643
122.06801,5.66844,52.59005,2.96895
122.16801,5.6712,52.59979,2.97151
122.26801,5.674,52.61146,2.97409
122.368,5.67676,52.6195,2.97671
122.468,5.67944,52.62478,2.97937
122.56801,5.68208,52.62774,2.98193
122.66801,5.68472,52.63319,2.98442
122.76801,5.6874,52.63845,2.9869
122.868,5.69,52.64323,2.98952
122.968,5.69252,52.64362,2.99198
123.06801,5.69504,52.64638,2.99448
123.16801,5.69764,52.65112,2.99692
123.26801,5.70024,52.65791,2.99938
123.368,5.70284,52.66579,3.00185
123.468,5.70548,52.67243,3.00438
123.56801,5.7082,52.68172,3.00685
123.66801,5.71088,52.69134,3.00938
123.76801,5.71352,52.69818,3.01193
123.868,5.71616,52.70461,3.01438
123.968,5.71876,52.70881,3.01692
124.06801,5.7214,52.71397,3.01934
124.16801,5.72396,52.71716,3.02188
124.26801,5.7266,52.72272,3.02424
124.368,5.72932,52.73162,3.02668
124.468,5.73204,52.7427,3.02917
124.56801,5.7348,52.75252,3.03179
124.66801,5.73756,52.76176,3.0343
124.76801,5.74036,52.77166,3.0368
124.868,5.74312,52.7808,3.03931
124.968,5.7458,52.78544,3.04193
125.06801,5.74868,52.79087,3.04347
125.16801,5.7522,52.82743,3.04548
125.26801,5.75548,52.85162,3.04843
125.368,5.75848,52.86077,3.05137
125.468,5.7612,52.85819,3.05419
125.56801,5.76376,52.8492,3.05695
125.66801,5.7662,52.8388,3.05958
125.76801,5.7686,52.83124,3.06208
125.868,5.77104,52.8265,3.06453
125.968,5.77356,52.82565,3.0669
126.06801,5.77612,52.83287,3.06938
126.16801,5.77868,52.83862,3.0719
126.26801,5.78116,52.84202,3.07431
126.368,5.78376,52.84488,3.07669
126.468,5.7864,52.85473,3.0791
126.56801,5.78904,52.86307,3.08159
126.66801,5.79164,52.87154,3.08412
126.76801,5.79424,52.87808,3.08662
126.868,5.79696,52.88462,3.08908
126.968,5.79968,52.89572,3.09155
127.06801,5.8024,52.90554,3.0941
127.16801,5.80516,52.917,3.09666
127.26801,5.80792,52.92533,3.09922
127.368,5.81064,52.93248,3.10181
127.468,5.81328,52.93675,3.10439
127.56801,5.81592,52.94075,3.10689
127.66801,5.8186,52.94491,3.10939
127.76801,5.8212,52.94865,3.11191
127.868,5.82372,52.95055,3.11447
127.968,5.82628,52.95261,3.11691
128.06801,5.82888,52.95697,3.1193
128.168,5.83152,52.96476,3.12176
128.26801,5.83416,52.97239,3.12431
128.36801,5.8368,52.98014,3.1268
128.468,5.83952,52.98916,3.12923
128.56801,5.8422,52.99858,3.13177
128.668,5.84484,53.00383,3.13433
128.76801,5.8474,53.0071,3.13683
128.86801,5.84996,53.01018,3.13929
128.968,5.85252,53.01373,3.14178
129.06801,5.85508,53.01875,3.14423
129.168,5.85772,53.02491,3.14666
129.26801,5.86036,53.03238,3.14918
129.36801,5.86304,53.0425,3.15166
129.468,5.86576,53.05088,3.15418
129.56801,5.86844,53.05892,3.15676
129.668,5.87112,53.06706,3.1592
129.76801,5.87384,53.0745,3.1617
129.86801,5.87648,53.08082,3.1643
129.968,5.87904,53.08317,3.16686
130.06801,5.8816,53.08564,3.16932
130.168,5.88412,53.088,3.17176
130.26801,5.88672,53.09396,3.17419
130.36801,5.88928,53.09917,3.17669
130.468,5.8918,53.10307,3.17917
130.56801,5.8944,53.10889,3.18159
130.668,5.89704,53.11506,3.18407
130.76801,5.89968,53.12433,3.18655
130.86801,5.9024,53.13486,3.18903
130.968,5.90512,53.1444,3.19156
131.06801,5.9078,53.15089,3.19409
131.168,5.91036,53.15565,3.19671
131.268,5.91292,53.15679,3.19912
131.36802,5.91552,53.16272,3.20156
131.468,5.91812,53.168,3.204
131.56802,5.92072,53.17464,3.20658
131.668,5.92336,53.17956,3.20899
131.768,5.926,53.18764,3.21144
131.86802,5.92872,53.19668,3.21393
131.968,5.93148,53.20631,3.21648
132.06802,5.9342,53.21516,3.21906
132.168,5.93692,53.2233,3.22158
132.268,5.93956,53.22665,3.22406
132.36802,5.94216,53.23157,3.22661
132.468,5.94472,53.23375,3.22906
132.56802,5.94732,53.23544,3.23145
132.668,5.95,53.24273,3.23366
132.768,5.9536,53.27525,3.23485
132.86802,5.957,53.3112,3.23782
132.968,5.96016,53.32481,3.24077
133.06802,5.96304,53.32874,3.24367
133.168,5.96576,53.32415,3.24646
133.268,5.96828,53.3156,3.24924
133.36802,5.97072,53.30531,3.25184
133.468,5.97316,53.30027,3.2543
133.56802,5.97556,53.29629,3.25679
133.668,5.97796,53.29258,3.25929
133.768,5.98036,53.29257,3.26168
133.86802,5.9828,53.29491,3.26406
133.968,5.98536,53.30178,3.26646
134.06802,5.98796,53.3106,3.26891
134.168,5.9906,53.3219,3.27134
134.268,5.99332,53.3326,3.27386
134.36802,5.99608,53.34376,3.27635
134.468,5.9988,53.35371,3.27895
134.56802,6.00152,53.36179,3.28153
134.668,6.0042,53.36794,3.284
134.768,6.0068,53.37415,3.28662
134.86802,6.00936,53.37591,3.28914
134.968,6.01188,53.37772,3.29165
135.06802,6.0144,53.37808,3.29402
135.168,6.01696,53.38146,3.29648
135.268,6.01952,53.38616,3.29892
135.36802,6.02204,53.39192,3.30143
135.468,6.0246,53.39608,3.30382
135.56802,6.02724,53.40429,3.30623
135.668,6.02984,53.41313,3.30873
135.768,6.03248,53.42124,3.31128
135.86802,6.03512,53.43009,3.31373
135.968,6.03776,53.43693,3.31625
136.06802,6.04036,53.44263,3.31877
136.168,6.04292,53.44586,3.32132
136.268,6.04548,53.44977,3.32375
136.36802,6.04808,53.45755,3.3262
136.468,6.05064,53.4624,3.32873
136.56802,6.0532,53.46534,3.3312
136.668,6.0558,53.47122,3.33366
136.768,6.05844,53.48007,3.33616
136.86802,6.06116,53.49061,3.33867
136.968,6.06388,53.50002,3.3413
137.06802,6.06652,53.50655,3.34381
137.168,6.06916,53.51217,3.34637
137.268,6.07176,53.5173,3.34886
137.36802,6.07436,53.52138,3.35149
137.468,6.07692,53.52406,3.35396
137.56802,6.07944,53.52634,3.35645
137.668,6.08204,53.53082,3.35892
137.768,6.08456,53.53596,3.36143
137.86802,6.08712,53.54036,3.3639
137.968,6.08976,53.54725,3.36636
138.06802,6.09236,53.55171,3.36883
138.168,6.095,53.56035,3.37142
138.268,6.09764,53.56708,3.37392
138.36802,6.10036,53.57682,3.37639
138.468,6.10304,53.58277,3.37889
138.56802,6.10568,53.59048,3.38145
138.668,6.1082,53.59422,3.38402
138.768,6.11076,53.59411,3.38646
138.86802,6.11328,53.59907,3.3889
138.968,6.11584,53.60262,3.3914
139.06802,6.11844,53.60764,3.39388
139.168,6.12104,53.61378,3.3963
139.268,6.12368,53.62226,3.39876
139.36802,6.1264,53.63211,3.40127
139.468,6.12912,53.64149,3.40379
139.56802,6.13184,53.64992,3.40635
139.668,6.13456,53.6567,3.40887
139.768,6.1372,53.66192,3.41144
139.86802,6.13976,53.66415,3.41399
139.968,6.14236,53.66682,3.41634
140.06802,6.1454,53.67563,3.41748
140.168,6.14896,53.71889,3.41994
140.268,6.1522,53.74157,3.42296
140.36802,6.15516,53.74849,3.4259
140.468,6.15788,53.74526,3.42868
140.56802,6.16044,53.73839,3.43144
140.668,6.16292,53.72891,3.43411
140.768,6.16536,53.72375,3.43666
140.86802,6.16776,53.71746,3.43917
140.968,6.1702,53.71569,3.44162
141.06802,6.17264,53.71549,3.44404
141.168,6.17508,53.71793,3.44647
141.268,6.1776,53.72284,3.44892
141.36802,6.18016,53.72887,3.45138
141.468,6.18272,53.73609,3.45379
141.56802,6.18536,53.74449,3.45623
141.668,6.18804,53.75329,3.45874
141.768,6.19076,53.76368,3.46126
141.86802,6.19352,53.77597,3.46382
141.968,6.1962,53.78407,3.46647
142.06802,6.19884,53.79039,3.46902
142.168,6.20144,53.7947,3.47157
142.268,6.204,53.79825,3.4741
142.36802,6.20652,53.79997,3.47668
142.468,6.20904,53.80171,3.47913
142.56802,6.21152,53.80468,3.48159
142.668,6.21404,53.80793,3.4841
142.768,6.21652,53.81088,3.48657
142.86802,6.21904,53.81506,3.489
142.968,6.2216,53.82185,3.49145
143.06802,6.22416,53.82931,3.494
143.168,6.22676,53.83661,3.4965
143.268,6.2294,53.8455,3.49898
143.36802,6.23204,53.85408,3.50144
143.468,6.23464,53.8591,3.50404
143.56802,6.23716,53.86314,3.50652
143.668,6.2396,53.86497,3.50907
143.768,6.24208,53.86677,3.51148
143.86802,6.24456,53.86956,3.51389
143.968,6.24704,53.87472,3.51642
144.06802,6.24948,53.87849,3.51888
144.168,6.25204,53.8847,3.52131
144.268,6.25464,53.89335,3.52378
144.36802,6.25724,53.90308,3.52626
144.468,6.25988,53.91143,3.5288
144.56802,6.26252,53.91946,3.53136
144.668,6.26512,53.9274,3.53388
144.768,6.26768,53.9306,3.53645
144.86802,6.2702,53.93389,3.53898
144.968,6.27272,53.93595,3.54143
145.06802,6.2752,53.93992,3.54391
145.168,6.27776,53.94132,3.54635
145.268,6.28032,53.94804,3.54887
145.36802,6.28284,53.95378,3.55134
145.468,6.28544,53.95772,3.55378
145.56802,6.28804,53.96764,3.55624
145.66802,6.29064,53.97394,3.55882
145.768,6.29324,53.97938,3.56127
145.86802,6.29588,53.98734,3.56375
145.968,6.29844,53.99309,3.56632
146.06802,6.301,53.99719,3.56882
146.16802,6.30352,54.00053,3.57131
146.268,6.30608,54.00393,3.57373
146.36802,6.30864,54.00992,3.5762
146.468,6.31124,54.01536,3.57869
146.56802,6.31388,54.02116,3.58114
146.66802,6.31656,54.02951,3.58364
146.768,6.31928,54.03864,3.58614
146.86802,6.322,54.04873,3.58872
146.968,6.32476,54.05623,3.59127
147.06802,6.32752,54.06465,3.59384
147.16802,6.33024,54.07152,3.5964
147.268,6.33296,54.07723,3.59891
147.36802,6.33624,54.09572,3.59999
147.468,6.3396,54.12823,3.60298
147.56802,6.34268,54.14175,3.6059
147.66802,6.34544,54.14094,3.60879
147.768,6.348,54.13204,3.61163
147.86802,6.35048,54.12221,3.61427
147.968,6.35288,54.11511,3.61683
148.06802,6.35524,54.10888,3.61945
148.16802,6.35768,54.10579,3.62183
148.268,6.3602,54.10835,3.62428
148.36802,6.36276,54.11259,3.62682
148.468,6.36528,54.11824,3.62924
148.56802,6.36776,54.12064,3.63181
148.66802,6.37024,54.12315,3.63421
148.768,6.37272,54.12712,3.63667
148.86802,6.37524,54.13033,3.63911
148.968,6.37776,54.1378,3.64159
149.06802,6.38028,54.14379,3.64401
149.16802,6.3828,54.1499,3.64648
149.268,6.3854,54.15808,3.64895
149.36802,6.388,54.16685,3.65147
149.468,6.3906,54.17271,3.65401
149.56802,6.3932,54.17967,3.65646
149.66802,6.3958,54.18641,3.65907
149.768,6.39832,54.18984,3.66155
149.86802,6.40084,54.19281,3.66401
149.968,6.40328,54.19501,3.66653
150.06802,6.40576,54.19582,3.66893
150.16802,6.40828,54.20118,3.6714
150.268,6.4108,54.20519,3.67383
150.36802,6.41332,54.21183,3.67626
150.468,6.41592,54.2188,3.67868
150.56802,6.41852,54.2256,3.68122
150.66802,6.42112,54.23276,3.68368
150.768,6.42372,54.23881,3.68618
150.86802,6.42636,54.24861,3.68865
150.968,6.42892,54.25302,3.6912
151.06802,6.43144,54.25721,3.69374
151.16802,6.43392,54.25884,3.69617
151.268,6.43644,54.26217,3.69868
151.36802,6.43896,54.26615,3.70109
151.468,6.44148,54.26894,3.7036
151.56802,6.44408,54.27559,3.70601
151.66802,6.44668,54.28334,3.70851
151.768,6.44936,54.29169,3.71104
151.86802,6.45204,54.30057,3.7136
151.968,6.4548,54.30911,3.71614
152.06802,6.45752,54.31727,3.71869
152.16802,6.4602,54.324,3.7213
152.268,6.46284,54.32814,3.72384
152.36802,6.46544,54.33322,3.72638
152.468,6.46804,54.33522,3.72894
152.56802,6.47056,54.33747,3.73146
152.66802,6.47308,54.34017,3.73399
152.768,6.4756,54.3408,3.73642
152.86802,6.47812,54.34198,3.73891
152.968,6.4806,54.34661,3.74139
153.06802,6.48316,54.35029,3.74381
153.16802,6.48568,54.35511,3.74636
153.268,6.48828,54.36189,3.74876
153.36802,6.491,54.37216,3.75117
153.468,6.49368,54.37953,3.75374
153.56802,6.49632,54.38601,3.75626
153.66802,6.49892,54.39001,3.75874
153.768,6.50148,54.39457,3.76127
153.86802,6.50404,54.39831,3.76367
153.968,6.5066,54.40227,3.76619
154.06802,6.5092,54.40657,3.7686
154.16802,6.51184,54.41204,3.77109
154.268,6.51444,54.41844,3.77358
154.36802,6.51716,54.42784,3.77609
154.468,6.51988,54.43481,3.77848
154.56802,6.52324,54.45831,3.77955
154.66802,6.52668,54.4955,3.78254
154.768,6.5298,54.51237,3.78549
154.86802,6.53264,54.5118,3.7884
154.968,6.53524,54.50362,3.79121
155.06802,6.53768,54.49184,3.79393
155.16802,6.54004,54.48184,3.79651
155.268,6.5424,54.47416,3.79898
155.31202,6.54344,54.47052,3.80005
155.31402,6.54348,54.47035,3.80009
155.414,6.54092,54.3986,3.80208
155.514,6.54108,54.31271,3.80349
155.61402,6.54196,54.24396,3.80469
155.714,6.5432,54.18834,3.80565
155.81402,6.54476,54.167,3.80679
155.914,6.5466,54.19104,3.80805
156.014,6.54852,54.22217,3.80948
156.11402,6.55048,54.24973,3.81092
156.214,6.55252,54.27646,3.81247
156.31402,6.55452,54.2978,3.81416
156.414,6.55652,54.31699,3.81578
156.514,6.55848,54.33236,3.81749
156.61402,6.56048,54.34744,3.81922
156.714,6.56248,54.36092,3.82101
156.81402,6.56448,54.37278,3.82279
156.914,6.56644,54.38318,3.82455
157.014,6.56844,54.39291,3.82639
157.11402,6.57044,54.40235,3.82825
157.214,6.57244,54.41065,3.83009
157.31402,6.57444,54.41773,3.83188
157.414,6.57644,54.42466,3.83377
157.514,6.57848,54.43266,3.83567
157.61402,6.58048,54.4396,3.83754
157.714,6.58252,54.44677,3.83949
157.81402,6.58456,54.45364,3.84138
157.914,6.58656,54.45889,3.84334
158.014,6.5886,54.46346,3.84521
158.11402,6.59064,54.46918,3.84709
158.214,6.5926,54.47309,3.84907
158.31402,6.59464,54.47785,3.85098
158.414,6.59664,54.48084,3.85291
158.514,6.5986,54.48427,3.85485
158.61402,6.60056,54.48743,3.85675
158.714,6.60256,54.49137,3.85868
158.81402,6.60456,54.49548,3.86053
158.914,6.60656,54.49938,3.86243
159.014,6.60852,54.50377,3.86434
159.11402,6.61052,54.5086,3.86625
159.214,6.61256,54.5135,3.86822
159.31402,6.61456,54.51755,3.87013
159.414,6.61656,54.52093,3.87204
159.514,6.6186,54.52638,3.87393
159.61402,6.6206,54.5306,3.87585
159.714,6.62264,54.53507,3.87781
159.81402,6.62464,54.53773,3.8797
159.914,6.62664,54.54067,3.88163
160.014,6.6286,54.54361,3.88353
160.11402,6.6306,54.5468,3.88545
160.214,6.6326,54.54885,3.88731
160.31402,6.6346,54.55183,3.88924
160.414,6.6366,54.55378,3.8911
160.514,6.6386,54.55756,3.89296
160.61402,6.6406,54.56193,3.89489
160.714,6.6426,54.5665,3.89681
160.81402,6.64468,54.57029,3.89867
160.914,6.64668,54.57507,3.90059
161.014,6.64872,54.57931,3.90253
161.11402,6.65076,54.58468,3.90445
161.214,6.65276,54.58953,3.90635
161.25802,6.65364,54.59096,3.90719
161.28002,6.65408,54.59128,3.90761
161.28202,6.65412,54.59138,3.90765
